id,classid,userid,enrolmenttime,completetime,endtime,completestatusid,grade,credits,locked
1,1,2,1357794000,1357851284,0,2,50.00000,1.00,1
8,4,6,1358139600,1358139600,0,0,0.00000,0.00,0
20,1,6,1358312400,1358312400,0,2,0.00000,1.00,1
22,100,103,1358321400,1358323400,0,2,1.00000,1.00,1
24,100,104,1358315400,1358363100,0,2,10.00000,1.00,1