id,classid,userid,enrolmenttime,completetime,endtime,completestatusid,grade,credits,locked
1,1,100,1343793600,1343840228,0,0,0.00000,0.00,0
2,1,110,1343793600,1343838641,0,0,0.00000,0.00,0
3,1,120,1343793600,1343793600,0,0,0.00000,0.00,0
4,1,130,1343793600,1343793600,0,0,0.00000,0.00,0
5,1,110,0,0,0,0,0.00000,0.00,0
